{
    "LaserEnabled": true,
    "LaserOpacity": 1.0,
    "LaserColor": {
        "r": 0.6710691452026367,
        "g": 0.0,
        "b": 1.0,
        "a": 1.0
    },
    "NotesColor": {
        "r": 0.3294117748737335,
        "g": 0.01568627543747425,
        "b": 0.45098039507865908,
        "a": 1.0
    },
    "RgbEnabled": true,
    "NotesGlidingSpeed": 0.045595526695251468,
    "NotesBlackWidth": 0.3205832540988922,
    "NotesWhiteWidth": 0.4961947798728943,
    "ParticlesEnabled": true,
    "ParticlesColor": {
        "r": 0.3294117748737335,
        "g": 0.01568627543747425,
        "b": 0.45098039507865908,
        "a": 1.0
    },
    "ParticlesEnabledSwitch": true,
    "ParticlesTurbulenceFrequencySlider": 0.9768514633178711,
    "ParticlesTurbulenceSpreadSlider": 1.3044060468673707,
    "ParticlesCountSlider": 4.910883903503418,
    "ParticlesSizeSlider": 3.0312795639038088,
    "ParticlesSpeedSlider": 0.3208655118942261,
    "ParticlesOpacitySlider": 0.9382829666137695,
    "ParticlesLifetimeSlider": 2.6015877723693849,
    "ParticlesTrailsSwitch": false,
    "ParticlesTrailsSpeedSlider": 0.800000011920929,
    "ParticlesTrailsTurbulenceSlider": 0.0,
    "ParticlesTrailsWidthSlider": 0.34368985891342165,
    "ParticlesTrailsCountSlider": 5.0,
    "ParticlesTrailsLifetimeSlider": 1.0,
    "ParticlesTrailsOpacitySlider": 1.0,
    "ParticlesSmokeSwitch": false,
    "ParticlesSmokeOpacitySlider": 1.0,
    "ParticlesRippleSwitch": true,
    "BackgroundImageEnabled": true,
    "BackgroundImagePath": "F:\\Users\\pompo\\Desktop\\L'Ordre\\Images\\Trees Nature Landscape.jpg",
    "BackgroundPianoLines": true,
    "BackgroundOffsetX": 1.0,
    "BackgroundOffsetY": 1.0,
    "WebcamEnabled": true,
    "WebcamDeviceName": "DroidCam Source 2",
    "WebcamZoom": 2.095179557800293,
    "WebcamOffsetX": -0.5157935619354248,
    "WebcamOffsetY": 0.9717416763305664,
    "WebcamRotate": -180.0,
    "WebcamStretchX": 1.0,
    "WebcamStretchY": 1.0,
    "WebcamCropEnabled": false,
    "WebcamTop": 0.0,
    "WebcamBottom": 2.9746651649475099,
    "WebcamDarkFade": true,
    "WebcamDarkFadeOpacity": 1.0
}